{
  "heart": {
    "task": "heart",
    "eval_auc": 0.79232525,
    "eval_acc_default@0.5": 0.6995,
    "eval_acc_argmax": 0.6995,
    "eval_acc_best": 0.729,
    "best_threshold": 0.5403491854667664,
    "threshold_ref": "eval",
    "balanced_accuracy": 0.729,
    "f1": 0.7046321525885558,
    "temperature": 1.0,
    "n_train": 400000,
    "n_eval": 4000
  },
  "triangle": {
    "task": "triangle",
    "eval_auc": 0.620496004824363,
    "eval_acc_default@0.5": 0.699,
    "eval_acc_argmax": 0.699,
    "eval_acc_best": 0.6995,
    "best_threshold": 0.5110737681388855,
    "threshold_ref": "eval",
    "balanced_accuracy": 0.502129652382326,
    "f1": 0.009884678747940691,
    "temperature": 1.0,
    "n_train": 400000,
    "n_eval": 4000
  }
}
