{
  "task": "triangle",
  "eval_auc": 0.9989782060824486,
  "eval_acc_default@0.5": 0.99775,
  "eval_acc_argmax": 0.99775,
  "eval_acc_best": 0.99825,
  "best_threshold": 0.43545544147491455,
  "threshold_ref": "eval",
  "balanced_accuracy": 0.997333482907581,
  "f1": 0.9970918155380141,
  "temperature": 1.0,
  "n_train": 400000,
  "n_eval": 4000
}