{
  "heart": {
    "task": "heart",
    "eval_auc": 0.7833289999999999,
    "eval_acc_default@0.5": 0.72,
    "eval_acc_argmax": 0.72,
    "eval_acc_best": 0.722,
    "best_threshold": 0.4998319447040558,
    "threshold_ref": "eval",
    "balanced_accuracy": 0.722,
    "f1": 0.7228315054835494,
    "temperature": 1.0,
    "n_train": 400000,
    "n_eval": 4000
  },
  "triangle": {
    "task": "triangle",
    "eval_auc": 0.9991749674438591,
    "eval_acc_default@0.5": 0.99775,
    "eval_acc_argmax": 0.99775,
    "eval_acc_best": 0.998,
    "best_threshold": 0.5585619807243347,
    "threshold_ref": "eval",
    "balanced_accuracy": 0.9969188892094052,
    "f1": 0.9966749792186201,
    "temperature": 1.0,
    "n_train": 400000,
    "n_eval": 4000
  }
}