{
  "task": "triangle",
  "eval_auc": 0.9982979993850837,
  "eval_acc_default@0.5": 0.99525,
  "eval_acc_argmax": 0.99525,
  "eval_acc_best": 0.99575,
  "best_threshold": 0.2363545149564743,
  "threshold_ref": "eval",
  "balanced_accuracy": 0.9946013786946917,
  "f1": 0.9929431299294313,
  "temperature": 1.0,
  "n_train": 400000,
  "n_eval": 4000
}