{
  "task": "heart",
  "eval_auc": 0.7825155,
  "eval_acc_default@0.5": 0.715,
  "eval_acc_argmax": 0.715,
  "eval_acc_best": 0.71575,
  "best_threshold": 0.505020260810852,
  "threshold_ref": "eval",
  "balanced_accuracy": 0.71575,
  "f1": 0.7112014224028448,
  "temperature": 1.0,
  "n_train": 400000,
  "n_eval": 4000
}