{
  "heart": {
    "task": "heart",
    "eval_auc": 0.9099694999999999,
    "eval_acc_default@0.5": 0.8355,
    "eval_acc_argmax": 0.8355,
    "eval_acc_best": 0.83625,
    "best_threshold": 0.49808749556541443,
    "threshold_ref": "eval",
    "balanced_accuracy": 0.8362499999999999,
    "f1": 0.8375898834614431,
    "temperature": 1.0,
    "n_train": 400000,
    "n_eval": 4000
  },
  "triangle": {
    "task": "triangle",
    "eval_auc": 0.9992987223272803,
    "eval_acc_default@0.5": 0.99775,
    "eval_acc_argmax": 0.99775,
    "eval_acc_best": 0.99825,
    "best_threshold": 0.1483062505722046,
    "threshold_ref": "eval",
    "balanced_accuracy": 0.9975691217023923,
    "f1": 0.9970942299709423,
    "temperature": 1.0,
    "n_train": 400000,
    "n_eval": 4000
  }
}