{
  "task": "triangle",
  "eval_auc": 0.9985419478603166,
  "eval_acc_default@0.5": 0.99725,
  "eval_acc_argmax": 0.99725,
  "eval_acc_best": 0.99725,
  "best_threshold": 0.9352269768714905,
  "threshold_ref": "eval",
  "balanced_accuracy": 0.9956751081148778,
  "f1": 0.9954223886808157,
  "temperature": 1.0,
  "n_train": 400000,
  "n_eval": 4000
}