{
  "task": "heart",
  "eval_auc": 0.662880125,
  "eval_acc_default@0.5": 0.62325,
  "eval_acc_argmax": 0.62325,
  "eval_acc_best": 0.625,
  "best_threshold": 0.5023470520973206,
  "threshold_ref": "eval",
  "balanced_accuracy": 0.625,
  "f1": 0.6159754224270353,
  "temperature": 1.0,
  "n_train": 400000,
  "n_eval": 4000
}