{
  "task": "heart",
  "eval_auc": 0.9323057499999999,
  "eval_acc_default@0.5": 0.8635,
  "eval_acc_argmax": 0.8635,
  "eval_acc_best": 0.866,
  "best_threshold": 0.5220911502838135,
  "threshold_ref": "eval",
  "balanced_accuracy": 0.866,
  "f1": 0.8625641025641025,
  "temperature": 1.0,
  "n_train": 400000,
  "n_eval": 4000
}