{
  "task": "heart",
  "eval_auc": 0.63991475,
  "eval_acc_default@0.5": 0.601,
  "eval_acc_argmax": 0.601,
  "eval_acc_best": 0.60325,
  "best_threshold": 0.5016159415245056,
  "threshold_ref": "eval",
  "balanced_accuracy": 0.6032500000000001,
  "f1": 0.5973103273280893,
  "temperature": 1.0,
  "n_train": 400000,
  "n_eval": 4000
}