{
  "task": "heart",
  "eval_auc": 0.93445,
  "eval_acc_default@0.5": 0.8655,
  "eval_acc_argmax": 0.8655,
  "eval_acc_best": 0.86825,
  "best_threshold": 0.5608139634132385,
  "threshold_ref": "eval",
  "balanced_accuracy": 0.86825,
  "f1": 0.8626531144123013,
  "temperature": 1.0,
  "n_train": 400000,
  "n_eval": 4000
}