{
  "task": "triangle",
  "eval_auc": 0.9988698834626676,
  "eval_acc_default@0.5": 0.9975,
  "eval_acc_argmax": 0.9975,
  "eval_acc_best": 0.998,
  "best_threshold": 0.8823612928390503,
  "threshold_ref": "eval",
  "balanced_accuracy": 0.9966832504145937,
  "f1": 0.9966722129783694,
  "temperature": 1.0,
  "n_train": 400000,
  "n_eval": 4000
}