{
  "task": "heart",
  "eval_auc": 0.89431475,
  "eval_acc_default@0.5": 0.81425,
  "eval_acc_argmax": 0.81425,
  "eval_acc_best": 0.82075,
  "best_threshold": 0.5302260518074036,
  "threshold_ref": "eval",
  "balanced_accuracy": 0.8207500000000001,
  "f1": 0.8162009741092028,
  "temperature": 1.0,
  "n_train": 400000,
  "n_eval": 4000
}