{
  "task": "heart",
  "eval_auc": 0.6647455,
  "eval_acc_default@0.5": 0.6175,
  "eval_acc_argmax": 0.6175,
  "eval_acc_best": 0.622,
  "best_threshold": 0.5058952569961548,
  "threshold_ref": "eval",
  "balanced_accuracy": 0.622,
  "f1": 0.6074766355140186,
  "temperature": 1.0,
  "n_train": 400000,
  "n_eval": 4000
}