{
  "task": "triangle",
  "eval_auc": 0.9989568383327931,
  "eval_acc_default@0.5": 0.99775,
  "eval_acc_argmax": 0.99775,
  "eval_acc_best": 0.9985,
  "best_threshold": 0.21780067682266235,
  "threshold_ref": "eval",
  "balanced_accuracy": 0.9977480766057567,
  "f1": 0.9975083056478405,
  "temperature": 1.0,
  "n_train": 400000,
  "n_eval": 4000
}