{
  "task": "triangle",
  "eval_auc": 0.998950606072477,
  "eval_acc_default@0.5": 0.998,
  "eval_acc_argmax": 0.998,
  "eval_acc_best": 0.9985,
  "best_threshold": 0.65364670753479,
  "threshold_ref": "eval",
  "balanced_accuracy": 0.9975124378109452,
  "f1": 0.9975062344139651,
  "temperature": 1.0,
  "n_train": 400000,
  "n_eval": 4000
}