{
  "heart": {
    "task": "heart",
    "eval_auc": 0.8787802499999999,
    "eval_acc_default@0.5": 0.802,
    "eval_acc_argmax": 0.802,
    "eval_acc_best": 0.80275,
    "best_threshold": 0.5053948163986206,
    "threshold_ref": "eval",
    "balanced_accuracy": 0.80275,
    "f1": 0.7982613142418818,
    "temperature": 1.0,
    "n_train": 400000,
    "n_eval": 4000
  },
  "triangle": {
    "task": "triangle",
    "eval_auc": 0.9998548773669234,
    "eval_acc_default@0.5": 0.9975,
    "eval_acc_argmax": 0.9975,
    "eval_acc_best": 0.99775,
    "best_threshold": 0.62964928150177,
    "threshold_ref": "eval",
    "balanced_accuracy": 0.9965042955112293,
    "f1": 0.9962577962577963,
    "temperature": 1.0,
    "n_train": 400000,
    "n_eval": 4000
  }
}