{
  "task": "heart",
  "eval_auc": 0.99519175,
  "eval_acc_default@0.5": 0.9655,
  "eval_acc_argmax": 0.9655,
  "eval_acc_best": 0.96725,
  "best_threshold": 0.5457910299301147,
  "threshold_ref": "eval",
  "balanced_accuracy": 0.9672499999999999,
  "f1": 0.9672581854536366,
  "temperature": 1.0,
  "n_train": 400000,
  "n_eval": 4000
}