{
  "heart": {
    "task": "heart",
    "eval_auc": 0.672542,
    "eval_acc_default@0.5": 0.627,
    "eval_acc_argmax": 0.627,
    "eval_acc_best": 0.6355,
    "best_threshold": 0.49337100982666016,
    "threshold_ref": "eval",
    "balanced_accuracy": 0.6355,
    "f1": 0.6471442400774443,
    "temperature": 1.0,
    "n_train": 400000,
    "n_eval": 4000
  },
  "triangle": {
    "task": "triangle",
    "eval_auc": 0.9984466833097695,
    "eval_acc_default@0.5": 0.9975,
    "eval_acc_argmax": 0.9975,
    "eval_acc_best": 0.99775,
    "best_threshold": 0.061166878789663315,
    "threshold_ref": "eval",
    "balanced_accuracy": 0.9969755731008523,
    "f1": 0.9962640099626401,
    "temperature": 1.0,
    "n_train": 400000,
    "n_eval": 4000
  }
}