{
  "heart": {
    "task": "heart",
    "eval_auc": 0.65899625,
    "eval_acc_default@0.5": 0.6165,
    "eval_acc_argmax": 0.6165,
    "eval_acc_best": 0.61975,
    "best_threshold": 0.49770814180374146,
    "threshold_ref": "eval",
    "balanced_accuracy": 0.61975,
    "f1": 0.6237942122186495,
    "temperature": 1.0,
    "n_train": 400000,
    "n_eval": 4000
  },
  "triangle": {
    "task": "triangle",
    "eval_auc": 0.9988675092682614,
    "eval_acc_default@0.5": 0.99775,
    "eval_acc_argmax": 0.99775,
    "eval_acc_best": 0.99825,
    "best_threshold": 0.9149734973907471,
    "threshold_ref": "eval",
    "balanced_accuracy": 0.997333482907581,
    "f1": 0.9970918155380141,
    "temperature": 1.0,
    "n_train": 400000,
    "n_eval": 4000
  }
}