{
  "task": "heart",
  "eval_auc": 0.9786432500000001,
  "eval_acc_default@0.5": 0.9265,
  "eval_acc_argmax": 0.9265,
  "eval_acc_best": 0.92875,
  "best_threshold": 0.45810365676879883,
  "threshold_ref": "eval",
  "balanced_accuracy": 0.92875,
  "f1": 0.9289454001495886,
  "temperature": 1.0,
  "n_train": 400000,
  "n_eval": 4000
}