{
  "heart": {
    "task": "heart",
    "eval_auc": 0.7825155,
    "eval_acc_default@0.5": 0.715,
    "eval_acc_argmax": 0.715,
    "eval_acc_best": 0.71575,
    "best_threshold": 0.505020260810852,
    "threshold_ref": "eval",
    "balanced_accuracy": 0.71575,
    "f1": 0.7112014224028448,
    "temperature": 1.0,
    "n_train": 400000,
    "n_eval": 4000
  },
  "triangle": {
    "task": "triangle",
    "eval_auc": 0.9987182317949741,
    "eval_acc_default@0.5": 0.99725,
    "eval_acc_argmax": 0.99725,
    "eval_acc_best": 0.998,
    "best_threshold": 0.35088011622428894,
    "threshold_ref": "eval",
    "balanced_accuracy": 0.9973901667990279,
    "f1": 0.9966804979253112,
    "temperature": 1.0,
    "n_train": 400000,
    "n_eval": 4000
  }
}