{
  "task": "triangle",
  "eval_auc": 0.9993922062320227,
  "eval_acc_default@0.5": 0.99675,
  "eval_acc_argmax": 0.99675,
  "eval_acc_best": 0.997,
  "best_threshold": 0.8412535190582275,
  "threshold_ref": "eval",
  "balanced_accuracy": 0.9950248756218906,
  "f1": 0.995,
  "temperature": 1.0,
  "n_train": 400000,
  "n_eval": 4000
}