{
  "task": "heart",
  "eval_auc": 0.677848875,
  "eval_acc_default@0.5": 0.631,
  "eval_acc_argmax": 0.631,
  "eval_acc_best": 0.63225,
  "best_threshold": 0.5019634366035461,
  "threshold_ref": "eval",
  "balanced_accuracy": 0.63225,
  "f1": 0.629937106918239,
  "temperature": 1.0,
  "n_train": 400000,
  "n_eval": 4000
}