{
  "task": "heart",
  "eval_auc": 0.9897732500000002,
  "eval_acc_default@0.5": 0.94875,
  "eval_acc_argmax": 0.94875,
  "eval_acc_best": 0.95,
  "best_threshold": 0.5204377174377441,
  "threshold_ref": "eval",
  "balanced_accuracy": 0.95,
  "f1": 0.950199203187251,
  "temperature": 1.0,
  "n_train": 400000,
  "n_eval": 4000
}