{
  "task": "triangle",
  "eval_auc": 0.9988393157096882,
  "eval_acc_default@0.5": 0.9975,
  "eval_acc_argmax": 0.9975,
  "eval_acc_best": 0.9985,
  "best_threshold": 0.15517474710941315,
  "threshold_ref": "eval",
  "balanced_accuracy": 0.9979837154005682,
  "f1": 0.9975103734439834,
  "temperature": 1.0,
  "n_train": 400000,
  "n_eval": 4000
}