{
  "task": "heart",
  "eval_auc": 0.672542,
  "eval_acc_default@0.5": 0.627,
  "eval_acc_argmax": 0.627,
  "eval_acc_best": 0.6355,
  "best_threshold": 0.49337100982666016,
  "threshold_ref": "eval",
  "balanced_accuracy": 0.6355,
  "f1": 0.6471442400774443,
  "temperature": 1.0,
  "n_train": 400000,
  "n_eval": 4000
}