{
  "task": "heart",
  "eval_auc": 0.8737112500000002,
  "eval_acc_default@0.5": 0.79975,
  "eval_acc_argmax": 0.79975,
  "eval_acc_best": 0.802,
  "best_threshold": 0.4959297180175781,
  "threshold_ref": "eval",
  "balanced_accuracy": 0.802,
  "f1": 0.8060724779627816,
  "temperature": 1.0,
  "n_train": 400000,
  "n_eval": 4000
}