{
  "heart": {
    "task": "heart",
    "eval_auc": 0.893351,
    "eval_acc_default@0.5": 0.81775,
    "eval_acc_argmax": 0.81775,
    "eval_acc_best": 0.81825,
    "best_threshold": 0.501745879650116,
    "threshold_ref": "eval",
    "balanced_accuracy": 0.8182499999999999,
    "f1": 0.8186580194562235,
    "temperature": 1.0,
    "n_train": 400000,
    "n_eval": 4000
  },
  "triangle": {
    "task": "triangle",
    "eval_auc": 0.9993880513918121,
    "eval_acc_default@0.5": 0.99825,
    "eval_acc_argmax": 0.99825,
    "eval_acc_best": 0.9985,
    "best_threshold": 0.07984130084514618,
    "threshold_ref": "eval",
    "balanced_accuracy": 0.9977480766057567,
    "f1": 0.9975083056478405,
    "temperature": 1.0,
    "n_train": 400000,
    "n_eval": 4000
  }
}