{
  "heart": {
    "task": "heart",
    "eval_auc": 0.9947005,
    "eval_acc_default@0.5": 0.96675,
    "eval_acc_argmax": 0.96675,
    "eval_acc_best": 0.96725,
    "best_threshold": 0.5142217874526978,
    "threshold_ref": "eval",
    "balanced_accuracy": 0.9672499999999999,
    "f1": 0.9672090112640801,
    "temperature": 1.0,
    "n_train": 400000,
    "n_eval": 4000
  },
  "triangle": {
    "task": "triangle",
    "eval_auc": 0.9990696125670858,
    "eval_acc_default@0.5": 0.99775,
    "eval_acc_argmax": 0.99775,
    "eval_acc_best": 0.99825,
    "best_threshold": 0.4030493497848511,
    "threshold_ref": "eval",
    "balanced_accuracy": 0.9975691217023923,
    "f1": 0.9970942299709423,
    "temperature": 1.0,
    "n_train": 400000,
    "n_eval": 4000
  }
}