{
  "task": "heart",
  "eval_auc": 0.729719125,
  "eval_acc_default@0.5": 0.668,
  "eval_acc_argmax": 0.668,
  "eval_acc_best": 0.669,
  "best_threshold": 0.5159302949905396,
  "threshold_ref": "eval",
  "balanced_accuracy": 0.669,
  "f1": 0.6523109243697479,
  "temperature": 1.0,
  "n_train": 400000,
  "n_eval": 4000
}