{
  "heart": {
    "task": "heart",
    "eval_auc": 0.99363575,
    "eval_acc_default@0.5": 0.96175,
    "eval_acc_argmax": 0.96175,
    "eval_acc_best": 0.963,
    "best_threshold": 0.45892471075057983,
    "threshold_ref": "eval",
    "balanced_accuracy": 0.963,
    "f1": 0.9632936507936508,
    "temperature": 1.0,
    "n_train": 400000,
    "n_eval": 4000
  },
  "triangle": {
    "task": "triangle",
    "eval_auc": 0.9989081673474669,
    "eval_acc_default@0.5": 0.99775,
    "eval_acc_argmax": 0.99775,
    "eval_acc_best": 0.99825,
    "best_threshold": 0.9344368577003479,
    "threshold_ref": "eval",
    "balanced_accuracy": 0.9970978441127695,
    "f1": 0.9970893970893971,
    "temperature": 1.0,
    "n_train": 400000,
    "n_eval": 4000
  }
}