{
  "task": "heart",
  "eval_auc": 0.9946025,
  "eval_acc_default@0.5": 0.96575,
  "eval_acc_argmax": 0.96575,
  "eval_acc_best": 0.967,
  "best_threshold": 0.6031105518341064,
  "threshold_ref": "eval",
  "balanced_accuracy": 0.9670000000000001,
  "f1": 0.9666498231430015,
  "temperature": 1.0,
  "n_train": 400000,
  "n_eval": 4000
}