{
  "task": "heart",
  "eval_auc": 0.8995167500000001,
  "eval_acc_default@0.5": 0.8155,
  "eval_acc_argmax": 0.8155,
  "eval_acc_best": 0.81975,
  "best_threshold": 0.460758775472641,
  "threshold_ref": "eval",
  "balanced_accuracy": 0.81975,
  "f1": 0.8280467445742905,
  "temperature": 1.0,
  "n_train": 400000,
  "n_eval": 4000
}