{
  "heart": {
    "task": "heart",
    "eval_auc": 0.9781369999999999,
    "eval_acc_default@0.5": 0.92925,
    "eval_acc_argmax": 0.92925,
    "eval_acc_best": 0.93,
    "best_threshold": 0.5169601440429688,
    "threshold_ref": "eval",
    "balanced_accuracy": 0.9299999999999999,
    "f1": 0.9296835760924159,
    "temperature": 1.0,
    "n_train": 400000,
    "n_eval": 4000
  },
  "triangle": {
    "task": "triangle",
    "eval_auc": 0.9985555994781521,
    "eval_acc_default@0.5": 0.9975,
    "eval_acc_argmax": 0.9975,
    "eval_acc_best": 0.998,
    "best_threshold": 0.23062507808208466,
    "threshold_ref": "eval",
    "balanced_accuracy": 0.9969188892094052,
    "f1": 0.9966749792186201,
    "temperature": 1.0,
    "n_train": 400000,
    "n_eval": 4000
  }
}