{
  "task": "heart",
  "eval_auc": 0.8138779999999999,
  "eval_acc_default@0.5": 0.73625,
  "eval_acc_argmax": 0.73625,
  "eval_acc_best": 0.7405,
  "best_threshold": 0.48954707384109497,
  "threshold_ref": "eval",
  "balanced_accuracy": 0.7404999999999999,
  "f1": 0.7484246243334949,
  "temperature": 1.0,
  "n_train": 400000,
  "n_eval": 4000
}