{
  "heart": {
    "task": "heart",
    "eval_auc": 0.63991475,
    "eval_acc_default@0.5": 0.601,
    "eval_acc_argmax": 0.601,
    "eval_acc_best": 0.60325,
    "best_threshold": 0.5016159415245056,
    "threshold_ref": "eval",
    "balanced_accuracy": 0.6032500000000001,
    "f1": 0.5973103273280893,
    "temperature": 1.0,
    "n_train": 400000,
    "n_eval": 4000
  },
  "triangle": {
    "task": "triangle",
    "eval_auc": 0.9987562189054726,
    "eval_acc_default@0.5": 0.998,
    "eval_acc_argmax": 0.998,
    "eval_acc_best": 0.998,
    "best_threshold": 0.8490335941314697,
    "threshold_ref": "eval",
    "balanced_accuracy": 0.9971545280042166,
    "f1": 0.9966777408637874,
    "temperature": 1.0,
    "n_train": 400000,
    "n_eval": 4000
  }
}