{
  "heart": {
    "task": "heart",
    "eval_auc": 0.6205651249999999,
    "eval_acc_default@0.5": 0.5945,
    "eval_acc_argmax": 0.5945,
    "eval_acc_best": 0.597,
    "best_threshold": 0.49815115332603455,
    "threshold_ref": "eval",
    "balanced_accuracy": 0.597,
    "f1": 0.6033464566929134,
    "temperature": 1.0,
    "n_train": 400000,
    "n_eval": 4000
  },
  "triangle": {
    "task": "triangle",
    "eval_auc": 0.9986381027337662,
    "eval_acc_default@0.5": 0.9975,
    "eval_acc_argmax": 0.9975,
    "eval_acc_best": 0.998,
    "best_threshold": 0.17966799437999725,
    "threshold_ref": "eval",
    "balanced_accuracy": 0.9971545280042166,
    "f1": 0.9966777408637874,
    "temperature": 1.0,
    "n_train": 400000,
    "n_eval": 4000
  }
}