{
  "task": "heart",
  "eval_auc": 0.98385375,
  "eval_acc_default@0.5": 0.942,
  "eval_acc_argmax": 0.942,
  "eval_acc_best": 0.94325,
  "best_threshold": 0.48638564348220825,
  "threshold_ref": "eval",
  "balanced_accuracy": 0.9432499999999999,
  "f1": 0.9428643342562295,
  "temperature": 1.0,
  "n_train": 400000,
  "n_eval": 4000
}