{
  "heart": {
    "task": "heart",
    "eval_auc": 0.9991965,
    "eval_acc_default@0.5": 0.98675,
    "eval_acc_argmax": 0.98675,
    "eval_acc_best": 0.988,
    "best_threshold": 0.5893200039863586,
    "threshold_ref": "eval",
    "balanced_accuracy": 0.988,
    "f1": 0.98796992481203,
    "temperature": 1.0,
    "n_train": 400000,
    "n_eval": 4000
  },
  "triangle": {
    "task": "triangle",
    "eval_auc": 0.9997311224835024,
    "eval_acc_default@0.5": 0.99825,
    "eval_acc_argmax": 0.99825,
    "eval_acc_best": 0.99825,
    "best_threshold": 0.505592405796051,
    "threshold_ref": "eval",
    "balanced_accuracy": 0.9970978441127695,
    "f1": 0.9970893970893971,
    "temperature": 1.0,
    "n_train": 400000,
    "n_eval": 4000
  }
}