{
  "task": "heart",
  "eval_auc": 0.9996795,
  "eval_acc_default@0.5": 0.992,
  "eval_acc_argmax": 0.992,
  "eval_acc_best": 0.99225,
  "best_threshold": 0.599809467792511,
  "threshold_ref": "eval",
  "balanced_accuracy": 0.9922500000000001,
  "f1": 0.9922519370157461,
  "temperature": 1.0,
  "n_train": 400000,
  "n_eval": 4000
}