{
  "task": "triangle",
  "eval_auc": 0.9984466833097695,
  "eval_acc_default@0.5": 0.9975,
  "eval_acc_argmax": 0.9975,
  "eval_acc_best": 0.99775,
  "best_threshold": 0.061166878789663315,
  "threshold_ref": "eval",
  "balanced_accuracy": 0.9969755731008523,
  "f1": 0.9962640099626401,
  "temperature": 1.0,
  "n_train": 400000,
  "n_eval": 4000
}