{
  "task": "triangle",
  "eval_auc": 0.9992325416582085,
  "eval_acc_default@0.5": 0.997,
  "eval_acc_argmax": 0.997,
  "eval_acc_best": 0.9975,
  "best_threshold": 0.7412950992584229,
  "threshold_ref": "eval",
  "balanced_accuracy": 0.9960897018130536,
  "f1": 0.9958402662229617,
  "temperature": 1.0,
  "n_train": 400000,
  "n_eval": 4000
}