{
  "heart": {
    "task": "heart",
    "eval_auc": 0.89431475,
    "eval_acc_default@0.5": 0.81425,
    "eval_acc_argmax": 0.81425,
    "eval_acc_best": 0.82075,
    "best_threshold": 0.5302260518074036,
    "threshold_ref": "eval",
    "balanced_accuracy": 0.8207500000000001,
    "f1": 0.8162009741092028,
    "temperature": 1.0,
    "n_train": 400000,
    "n_eval": 4000
  },
  "triangle": {
    "task": "triangle",
    "eval_auc": 0.9993417546008919,
    "eval_acc_default@0.5": 0.9975,
    "eval_acc_argmax": 0.9975,
    "eval_acc_best": 0.9975,
    "best_threshold": 0.8786792159080505,
    "threshold_ref": "eval",
    "balanced_accuracy": 0.9958540630182422,
    "f1": 0.9958368026644463,
    "temperature": 1.0,
    "n_train": 400000,
    "n_eval": 4000
  }
}