{
  "task": "heart",
  "eval_auc": 0.99416175,
  "eval_acc_default@0.5": 0.966,
  "eval_acc_argmax": 0.966,
  "eval_acc_best": 0.9665,
  "best_threshold": 0.5653654932975769,
  "threshold_ref": "eval",
  "balanced_accuracy": 0.9664999999999999,
  "f1": 0.9663147310206134,
  "temperature": 1.0,
  "n_train": 400000,
  "n_eval": 4000
}