{
  "task": "heart",
  "eval_auc": 0.9943405000000001,
  "eval_acc_default@0.5": 0.96375,
  "eval_acc_argmax": 0.96375,
  "eval_acc_best": 0.9655,
  "best_threshold": 0.44889599084854126,
  "threshold_ref": "eval",
  "balanced_accuracy": 0.9655,
  "f1": 0.96575682382134,
  "temperature": 1.0,
  "n_train": 400000,
  "n_eval": 4000
}