{
  "task": "triangle",
  "eval_auc": 0.9995144772439402,
  "eval_acc_default@0.5": 0.9975,
  "eval_acc_argmax": 0.9975,
  "eval_acc_best": 0.998,
  "best_threshold": 0.43290048837661743,
  "threshold_ref": "eval",
  "balanced_accuracy": 0.9971545280042166,
  "f1": 0.9966777408637874,
  "temperature": 1.0,
  "n_train": 400000,
  "n_eval": 4000
}