{
  "task": "triangle",
  "eval_auc": 0.999692838598703,
  "eval_acc_default@0.5": 0.9975,
  "eval_acc_argmax": 0.9975,
  "eval_acc_best": 0.99825,
  "best_threshold": 0.251272976398468,
  "threshold_ref": "eval",
  "balanced_accuracy": 0.9978047604972038,
  "f1": 0.997096640398175,
  "temperature": 1.0,
  "n_train": 400000,
  "n_eval": 4000
}