{
  "task": "heart",
  "eval_auc": 0.9991965,
  "eval_acc_default@0.5": 0.98675,
  "eval_acc_argmax": 0.98675,
  "eval_acc_best": 0.988,
  "best_threshold": 0.5893200039863586,
  "threshold_ref": "eval",
  "balanced_accuracy": 0.988,
  "f1": 0.98796992481203,
  "temperature": 1.0,
  "n_train": 400000,
  "n_eval": 4000
}