{
  "task": "heart",
  "eval_auc": 0.8866935,
  "eval_acc_default@0.5": 0.80975,
  "eval_acc_argmax": 0.80975,
  "eval_acc_best": 0.81075,
  "best_threshold": 0.47486066818237305,
  "threshold_ref": "eval",
  "balanced_accuracy": 0.8107500000000001,
  "f1": 0.8178098676293623,
  "temperature": 1.0,
  "n_train": 400000,
  "n_eval": 4000
}