{
  "heart": {
    "task": "heart",
    "eval_auc": 0.729719125,
    "eval_acc_default@0.5": 0.668,
    "eval_acc_argmax": 0.668,
    "eval_acc_best": 0.669,
    "best_threshold": 0.5159302949905396,
    "threshold_ref": "eval",
    "balanced_accuracy": 0.669,
    "f1": 0.6523109243697479,
    "temperature": 1.0,
    "n_train": 400000,
    "n_eval": 4000
  },
  "triangle": {
    "task": "triangle",
    "eval_auc": 0.998950606072477,
    "eval_acc_default@0.5": 0.998,
    "eval_acc_argmax": 0.998,
    "eval_acc_best": 0.9985,
    "best_threshold": 0.65364670753479,
    "threshold_ref": "eval",
    "balanced_accuracy": 0.9975124378109452,
    "f1": 0.9975062344139651,
    "temperature": 1.0,
    "n_train": 400000,
    "n_eval": 4000
  }
}