{
  "heart": {
    "task": "heart",
    "eval_auc": 0.99953525,
    "eval_acc_default@0.5": 0.9895,
    "eval_acc_argmax": 0.9895,
    "eval_acc_best": 0.9905,
    "best_threshold": 0.6351053714752197,
    "threshold_ref": "eval",
    "balanced_accuracy": 0.9904999999999999,
    "f1": 0.9904952476238119,
    "temperature": 1.0,
    "n_train": 400000,
    "n_eval": 4000
  },
  "triangle": {
    "task": "triangle",
    "eval_auc": 0.9993206836255374,
    "eval_acc_default@0.5": 0.9975,
    "eval_acc_argmax": 0.9975,
    "eval_acc_best": 0.998,
    "best_threshold": 0.1318696141242981,
    "threshold_ref": "eval",
    "balanced_accuracy": 0.9976258055938394,
    "f1": 0.9966832504145937,
    "temperature": 1.0,
    "n_train": 400000,
    "n_eval": 4000
  }
}