{
  "heart": {
    "task": "heart",
    "eval_auc": 0.8636244999999999,
    "eval_acc_default@0.5": 0.78175,
    "eval_acc_argmax": 0.78175,
    "eval_acc_best": 0.78825,
    "best_threshold": 0.48030343651771545,
    "threshold_ref": "eval",
    "balanced_accuracy": 0.7882499999999999,
    "f1": 0.7953611983570911,
    "temperature": 1.0,
    "n_train": 400000,
    "n_eval": 4000
  },
  "triangle": {
    "task": "triangle",
    "eval_auc": 0.9994773804563438,
    "eval_acc_default@0.5": 0.99675,
    "eval_acc_argmax": 0.99675,
    "eval_acc_best": 0.997,
    "best_threshold": 0.9098008871078491,
    "threshold_ref": "eval",
    "balanced_accuracy": 0.9954961532115134,
    "f1": 0.9950083194675541,
    "temperature": 1.0,
    "n_train": 400000,
    "n_eval": 4000
  }
}