{
  "heart": {
    "task": "heart",
    "eval_auc": 0.9323057499999999,
    "eval_acc_default@0.5": 0.8635,
    "eval_acc_argmax": 0.8635,
    "eval_acc_best": 0.866,
    "best_threshold": 0.5220911502838135,
    "threshold_ref": "eval",
    "balanced_accuracy": 0.866,
    "f1": 0.8625641025641025,
    "temperature": 1.0,
    "n_train": 400000,
    "n_eval": 4000
  },
  "triangle": {
    "task": "triangle",
    "eval_auc": 0.9994325675369277,
    "eval_acc_default@0.5": 0.99625,
    "eval_acc_argmax": 0.99625,
    "eval_acc_best": 0.9965,
    "best_threshold": 0.687290370464325,
    "threshold_ref": "eval",
    "balanced_accuracy": 0.9949026046099733,
    "f1": 0.9941763727121464,
    "temperature": 1.0,
    "n_train": 400000,
    "n_eval": 4000
  }
}