{
  "heart": {
    "task": "heart",
    "eval_auc": 0.634588875,
    "eval_acc_default@0.5": 0.6015,
    "eval_acc_argmax": 0.6015,
    "eval_acc_best": 0.60225,
    "best_threshold": 0.49955326318740845,
    "threshold_ref": "eval",
    "balanced_accuracy": 0.60225,
    "f1": 0.6074512706637059,
    "temperature": 1.0,
    "n_train": 400000,
    "n_eval": 4000
  },
  "triangle": {
    "task": "triangle",
    "eval_auc": 0.9988983737955415,
    "eval_acc_default@0.5": 0.99775,
    "eval_acc_argmax": 0.99775,
    "eval_acc_best": 0.99875,
    "best_threshold": 0.1628713607788086,
    "threshold_ref": "eval",
    "balanced_accuracy": 0.9983983090987438,
    "f1": 0.9979261717129821,
    "temperature": 1.0,
    "n_train": 400000,
    "n_eval": 4000
  }
}