{
  "task": "heart",
  "eval_auc": 0.9917837499999999,
  "eval_acc_default@0.5": 0.95725,
  "eval_acc_argmax": 0.95725,
  "eval_acc_best": 0.9585,
  "best_threshold": 0.5179924964904785,
  "threshold_ref": "eval",
  "balanced_accuracy": 0.9585,
  "f1": 0.9585414585414586,
  "temperature": 1.0,
  "n_train": 400000,
  "n_eval": 4000
}