{
  "task": "heart",
  "eval_auc": 0.79232525,
  "eval_acc_default@0.5": 0.6995,
  "eval_acc_argmax": 0.6995,
  "eval_acc_best": 0.729,
  "best_threshold": 0.5403491854667664,
  "threshold_ref": "eval",
  "balanced_accuracy": 0.729,
  "f1": 0.7046321525885558,
  "temperature": 1.0,
  "n_train": 400000,
  "n_eval": 4000
}