{
  "task": "triangle",
  "eval_auc": 0.9996278450268343,
  "eval_acc_default@0.5": 0.9965,
  "eval_acc_argmax": 0.9965,
  "eval_acc_best": 0.99725,
  "best_threshold": 0.18459530174732208,
  "threshold_ref": "eval",
  "balanced_accuracy": 0.996853302088935,
  "f1": 0.9954413593037712,
  "temperature": 1.0,
  "n_train": 400000,
  "n_eval": 4000
}