{
  "task": "triangle",
  "eval_auc": 0.9992749803832187,
  "eval_acc_default@0.5": 0.99625,
  "eval_acc_argmax": 0.99625,
  "eval_acc_best": 0.99725,
  "best_threshold": 0.38151976466178894,
  "threshold_ref": "eval",
  "balanced_accuracy": 0.9961463857045006,
  "f1": 0.9954299958454508,
  "temperature": 1.0,
  "n_train": 400000,
  "n_eval": 4000
}