{
  "heart": {
    "task": "heart",
    "eval_auc": 0.9943405000000001,
    "eval_acc_default@0.5": 0.96375,
    "eval_acc_argmax": 0.96375,
    "eval_acc_best": 0.9655,
    "best_threshold": 0.44889599084854126,
    "threshold_ref": "eval",
    "balanced_accuracy": 0.9655,
    "f1": 0.96575682382134,
    "temperature": 1.0,
    "n_train": 400000,
    "n_eval": 4000
  },
  "triangle": {
    "task": "triangle",
    "eval_auc": 0.9991550835657077,
    "eval_acc_default@0.5": 0.9975,
    "eval_acc_argmax": 0.9975,
    "eval_acc_best": 0.99775,
    "best_threshold": 0.7170848250389099,
    "threshold_ref": "eval",
    "balanced_accuracy": 0.9965042955112293,
    "f1": 0.9962577962577963,
    "temperature": 1.0,
    "n_train": 400000,
    "n_eval": 4000
  }
}