{
  "heart": {
    "task": "heart",
    "eval_auc": 0.9549535,
    "eval_acc_default@0.5": 0.88575,
    "eval_acc_argmax": 0.88575,
    "eval_acc_best": 0.8895,
    "best_threshold": 0.5598722100257874,
    "threshold_ref": "eval",
    "balanced_accuracy": 0.8895,
    "f1": 0.8859649122807017,
    "temperature": 1.0,
    "n_train": 400000,
    "n_eval": 4000
  },
  "triangle": {
    "task": "triangle",
    "eval_auc": 0.9986057543349822,
    "eval_acc_default@0.5": 0.99725,
    "eval_acc_argmax": 0.99725,
    "eval_acc_best": 0.99775,
    "best_threshold": 0.8897979259490967,
    "threshold_ref": "eval",
    "balanced_accuracy": 0.9962686567164178,
    "f1": 0.9962546816479401,
    "temperature": 1.0,
    "n_train": 400000,
    "n_eval": 4000
  }
}