{
  "heart": {
    "task": "heart",
    "eval_auc": 0.9904305,
    "eval_acc_default@0.5": 0.95475,
    "eval_acc_argmax": 0.95475,
    "eval_acc_best": 0.95525,
    "best_threshold": 0.4940550625324249,
    "threshold_ref": "eval",
    "balanced_accuracy": 0.9552499999999999,
    "f1": 0.9554393826238486,
    "temperature": 1.0,
    "n_train": 400000,
    "n_eval": 4000
  },
  "triangle": {
    "task": "triangle",
    "eval_auc": 0.9986751995213624,
    "eval_acc_default@0.5": 0.998,
    "eval_acc_argmax": 0.998,
    "eval_acc_best": 0.99825,
    "best_threshold": 0.618876039981842,
    "threshold_ref": "eval",
    "balanced_accuracy": 0.9970978441127695,
    "f1": 0.9970893970893971,
    "temperature": 1.0,
    "n_train": 400000,
    "n_eval": 4000
  }
}