{
  "task": "heart",
  "eval_auc": 0.9855795,
  "eval_acc_default@0.5": 0.94275,
  "eval_acc_argmax": 0.94275,
  "eval_acc_best": 0.94525,
  "best_threshold": 0.5533206462860107,
  "threshold_ref": "eval",
  "balanced_accuracy": 0.9452499999999999,
  "f1": 0.9453729109503617,
  "temperature": 1.0,
  "n_train": 400000,
  "n_eval": 4000
}