{
  "heart": {
    "task": "heart",
    "eval_auc": 0.91431575,
    "eval_acc_default@0.5": 0.84925,
    "eval_acc_argmax": 0.84925,
    "eval_acc_best": 0.851,
    "best_threshold": 0.5342112183570862,
    "threshold_ref": "eval",
    "balanced_accuracy": 0.851,
    "f1": 0.8447107868681605,
    "temperature": 1.0,
    "n_train": 400000,
    "n_eval": 4000
  },
  "triangle": {
    "task": "triangle",
    "eval_auc": 0.9995186320841509,
    "eval_acc_default@0.5": 0.99575,
    "eval_acc_argmax": 0.99575,
    "eval_acc_best": 0.9965,
    "best_threshold": 0.9187798500061035,
    "threshold_ref": "eval",
    "balanced_accuracy": 0.9946669658151619,
    "f1": 0.9941715237302248,
    "temperature": 1.0,
    "n_train": 400000,
    "n_eval": 4000
  }
}