{
  "task": "triangle",
  "eval_auc": 0.9988568253934337,
  "eval_acc_default@0.5": 0.998,
  "eval_acc_argmax": 0.998,
  "eval_acc_best": 0.99875,
  "best_threshold": 0.26038458943367004,
  "threshold_ref": "eval",
  "balanced_accuracy": 0.9981626703039326,
  "f1": 0.9979244499792445,
  "temperature": 1.0,
  "n_train": 400000,
  "n_eval": 4000
}