{
  "task": "heart",
  "eval_auc": 0.6449905,
  "eval_acc_default@0.5": 0.608,
  "eval_acc_argmax": 0.608,
  "eval_acc_best": 0.61275,
  "best_threshold": 0.5047675371170044,
  "threshold_ref": "eval",
  "balanced_accuracy": 0.6127499999999999,
  "f1": 0.5992238033635188,
  "temperature": 1.0,
  "n_train": 400000,
  "n_eval": 4000
}