{
  "heart": {
    "task": "heart",
    "eval_auc": 0.99958425,
    "eval_acc_default@0.5": 0.99175,
    "eval_acc_argmax": 0.99175,
    "eval_acc_best": 0.992,
    "best_threshold": 0.5138556957244873,
    "threshold_ref": "eval",
    "balanced_accuracy": 0.992,
    "f1": 0.9920279023418037,
    "temperature": 1.0,
    "n_train": 400000,
    "n_eval": 4000
  },
  "triangle": {
    "task": "triangle",
    "eval_auc": 0.9994106062386706,
    "eval_acc_default@0.5": 0.99775,
    "eval_acc_argmax": 0.99775,
    "eval_acc_best": 0.99825,
    "best_threshold": 0.2585407793521881,
    "threshold_ref": "eval",
    "balanced_accuracy": 0.9978047604972038,
    "f1": 0.997096640398175,
    "temperature": 1.0,
    "n_train": 400000,
    "n_eval": 4000
  }
}