{
  "heart": {
    "task": "heart",
    "eval_auc": 0.9868966250000001,
    "eval_acc_default@0.5": 0.94225,
    "eval_acc_argmax": 0.94225,
    "eval_acc_best": 0.94525,
    "best_threshold": 0.562567949295044,
    "threshold_ref": "eval",
    "balanced_accuracy": 0.9452499999999999,
    "f1": 0.9449056603773585,
    "temperature": 1.0,
    "n_train": 400000,
    "n_eval": 4000
  },
  "triangle": {
    "task": "triangle",
    "eval_auc": 0.9989841415684642,
    "eval_acc_default@0.5": 0.998,
    "eval_acc_argmax": 0.998,
    "eval_acc_best": 0.99825,
    "best_threshold": 0.4904746413230896,
    "threshold_ref": "eval",
    "balanced_accuracy": 0.997333482907581,
    "f1": 0.9970918155380141,
    "temperature": 1.0,
    "n_train": 400000,
    "n_eval": 4000
  }
}