{
  "heart": {
    "task": "heart",
    "eval_auc": 0.9946025,
    "eval_acc_default@0.5": 0.96575,
    "eval_acc_argmax": 0.96575,
    "eval_acc_best": 0.967,
    "best_threshold": 0.6031105518341064,
    "threshold_ref": "eval",
    "balanced_accuracy": 0.9670000000000001,
    "f1": 0.9666498231430015,
    "temperature": 1.0,
    "n_train": 400000,
    "n_eval": 4000
  },
  "triangle": {
    "task": "triangle",
    "eval_auc": 0.9989957157661942,
    "eval_acc_default@0.5": 0.9975,
    "eval_acc_argmax": 0.9975,
    "eval_acc_best": 0.99775,
    "best_threshold": 0.23670656979084015,
    "threshold_ref": "eval",
    "balanced_accuracy": 0.9969755731008523,
    "f1": 0.9962640099626401,
    "temperature": 1.0,
    "n_train": 400000,
    "n_eval": 4000
  }
}