{
  "task": "heart",
  "eval_auc": 0.9549535,
  "eval_acc_default@0.5": 0.88575,
  "eval_acc_argmax": 0.88575,
  "eval_acc_best": 0.8895,
  "best_threshold": 0.5598722100257874,
  "threshold_ref": "eval",
  "balanced_accuracy": 0.8895,
  "f1": 0.8859649122807017,
  "temperature": 1.0,
  "n_train": 400000,
  "n_eval": 4000
}