{
  "heart": {
    "task": "heart",
    "eval_auc": 0.9612525000000001,
    "eval_acc_default@0.5": 0.89825,
    "eval_acc_argmax": 0.89825,
    "eval_acc_best": 0.89975,
    "best_threshold": 0.4760495722293854,
    "threshold_ref": "eval",
    "balanced_accuracy": 0.89975,
    "f1": 0.899775056235941,
    "temperature": 1.0,
    "n_train": 400000,
    "n_eval": 4000
  },
  "triangle": {
    "task": "triangle",
    "eval_auc": 0.9985226575307666,
    "eval_acc_default@0.5": 0.99625,
    "eval_acc_argmax": 0.99625,
    "eval_acc_best": 0.997,
    "best_threshold": 0.8037942051887512,
    "threshold_ref": "eval",
    "balanced_accuracy": 0.9952605144167019,
    "f1": 0.9950041631973355,
    "temperature": 1.0,
    "n_train": 400000,
    "n_eval": 4000
  }
}