{
  "heart": {
    "task": "heart",
    "eval_auc": 0.8995167500000001,
    "eval_acc_default@0.5": 0.8155,
    "eval_acc_argmax": 0.8155,
    "eval_acc_best": 0.81975,
    "best_threshold": 0.460758775472641,
    "threshold_ref": "eval",
    "balanced_accuracy": 0.81975,
    "f1": 0.8280467445742905,
    "temperature": 1.0,
    "n_train": 400000,
    "n_eval": 4000
  },
  "triangle": {
    "task": "triangle",
    "eval_auc": 0.999492812719984,
    "eval_acc_default@0.5": 0.99775,
    "eval_acc_argmax": 0.99775,
    "eval_acc_best": 0.998,
    "best_threshold": 0.5976564288139343,
    "threshold_ref": "eval",
    "balanced_accuracy": 0.9966832504145937,
    "f1": 0.9966722129783694,
    "temperature": 1.0,
    "n_train": 400000,
    "n_eval": 4000
  }
}