{
  "task": "heart",
  "eval_auc": 0.8636244999999999,
  "eval_acc_default@0.5": 0.78175,
  "eval_acc_argmax": 0.78175,
  "eval_acc_best": 0.78825,
  "best_threshold": 0.48030343651771545,
  "threshold_ref": "eval",
  "balanced_accuracy": 0.7882499999999999,
  "f1": 0.7953611983570911,
  "temperature": 1.0,
  "n_train": 400000,
  "n_eval": 4000
}