{
  "task": "heart",
  "eval_auc": 0.89132725,
  "eval_acc_default@0.5": 0.81975,
  "eval_acc_argmax": 0.81975,
  "eval_acc_best": 0.8205,
  "best_threshold": 0.5020619630813599,
  "threshold_ref": "eval",
  "balanced_accuracy": 0.8205,
  "f1": 0.8204102051025512,
  "temperature": 1.0,
  "n_train": 400000,
  "n_eval": 4000
}