{
  "task": "triangle",
  "eval_auc": 0.9994456256061616,
  "eval_acc_default@0.5": 0.998,
  "eval_acc_argmax": 0.998,
  "eval_acc_best": 0.9985,
  "best_threshold": 0.10998784750699997,
  "threshold_ref": "eval",
  "balanced_accuracy": 0.9982193541953795,
  "f1": 0.9975124378109452,
  "temperature": 1.0,
  "n_train": 400000,
  "n_eval": 4000
}