{
  "heart": {
    "task": "heart",
    "eval_auc": 0.99555225,
    "eval_acc_default@0.5": 0.96525,
    "eval_acc_argmax": 0.96525,
    "eval_acc_best": 0.96775,
    "best_threshold": 0.6099551320075989,
    "threshold_ref": "eval",
    "balanced_accuracy": 0.96775,
    "f1": 0.967448902346707,
    "temperature": 1.0,
    "n_train": 400000,
    "n_eval": 4000
  },
  "triangle": {
    "task": "triangle",
    "eval_auc": 0.999359857833239,
    "eval_acc_default@0.5": 0.99725,
    "eval_acc_argmax": 0.99725,
    "eval_acc_best": 0.998,
    "best_threshold": 0.2471705973148346,
    "threshold_ref": "eval",
    "balanced_accuracy": 0.9971545280042166,
    "f1": 0.9966777408637874,
    "temperature": 1.0,
    "n_train": 400000,
    "n_eval": 4000
  }
}