{
  "task": "heart",
  "eval_auc": 0.787301375,
  "eval_acc_default@0.5": 0.7275,
  "eval_acc_argmax": 0.7275,
  "eval_acc_best": 0.728,
  "best_threshold": 0.5019425749778748,
  "threshold_ref": "eval",
  "balanced_accuracy": 0.728,
  "f1": 0.7204522096608428,
  "temperature": 1.0,
  "n_train": 400000,
  "n_eval": 4000
}