{
  "task": "heart",
  "eval_auc": 0.8787802499999999,
  "eval_acc_default@0.5": 0.802,
  "eval_acc_argmax": 0.802,
  "eval_acc_best": 0.80275,
  "best_threshold": 0.5053948163986206,
  "threshold_ref": "eval",
  "balanced_accuracy": 0.80275,
  "f1": 0.7982613142418818,
  "temperature": 1.0,
  "n_train": 400000,
  "n_eval": 4000
}