{
  "heart": {
    "task": "heart",
    "eval_auc": 0.98385375,
    "eval_acc_default@0.5": 0.942,
    "eval_acc_argmax": 0.942,
    "eval_acc_best": 0.94325,
    "best_threshold": 0.48638564348220825,
    "threshold_ref": "eval",
    "balanced_accuracy": 0.9432499999999999,
    "f1": 0.9428643342562295,
    "temperature": 1.0,
    "n_train": 400000,
    "n_eval": 4000
  },
  "triangle": {
    "task": "triangle",
    "eval_auc": 0.9995589933890557,
    "eval_acc_default@0.5": 0.99775,
    "eval_acc_argmax": 0.99775,
    "eval_acc_best": 0.998,
    "best_threshold": 0.4707660377025604,
    "threshold_ref": "eval",
    "balanced_accuracy": 0.9971545280042166,
    "f1": 0.9966777408637874,
    "temperature": 1.0,
    "n_train": 400000,
    "n_eval": 4000
  }
}