{
  "heart": {
    "task": "heart",
    "eval_auc": 0.6177383750000001,
    "eval_acc_default@0.5": 0.58225,
    "eval_acc_argmax": 0.58225,
    "eval_acc_best": 0.587,
    "best_threshold": 0.5102738738059998,
    "threshold_ref": "eval",
    "balanced_accuracy": 0.587,
    "f1": 0.558288770053476,
    "temperature": 1.0,
    "n_train": 400000,
    "n_eval": 4000
  },
  "triangle": {
    "task": "triangle",
    "eval_auc": 0.9988942189553307,
    "eval_acc_default@0.5": 0.998,
    "eval_acc_argmax": 0.998,
    "eval_acc_best": 0.9985,
    "best_threshold": 0.19833242893218994,
    "threshold_ref": "eval",
    "balanced_accuracy": 0.9979837154005682,
    "f1": 0.9975103734439834,
    "temperature": 1.0,
    "n_train": 400000,
    "n_eval": 4000
  }
}