{
  "heart": {
    "task": "heart",
    "eval_auc": 0.9855795,
    "eval_acc_default@0.5": 0.94275,
    "eval_acc_argmax": 0.94275,
    "eval_acc_best": 0.94525,
    "best_threshold": 0.5533206462860107,
    "threshold_ref": "eval",
    "balanced_accuracy": 0.9452499999999999,
    "f1": 0.9453729109503617,
    "temperature": 1.0,
    "n_train": 400000,
    "n_eval": 4000
  },
  "triangle": {
    "task": "triangle",
    "eval_auc": 0.9983879219982169,
    "eval_acc_default@0.5": 0.99675,
    "eval_acc_argmax": 0.99675,
    "eval_acc_best": 0.9975,
    "best_threshold": 0.8903851509094238,
    "threshold_ref": "eval",
    "balanced_accuracy": 0.9958540630182422,
    "f1": 0.9958368026644463,
    "temperature": 1.0,
    "n_train": 400000,
    "n_eval": 4000
  }
}